{
  "indexes": [
    {
      "collectionGroup": "animals",
      "queryScope": "COLLECTION",
      "fields": [
        { "fieldPath": "userId", "order": "ASCENDING" },
        { "fieldPath": "brinco", "order": "ASCENDING" }
      ]
    },
    {
      "collectionGroup": "animals",
      "queryScope": "COLLECTION",
      "fields": [
        { "fieldPath": "userId", "order": "ASCENDING" },
        { "fieldPath": "managementAreaId", "order": "ASCENDING" }
      ]
    },
    {
      "collectionGroup": "tasks",
      "queryScope": "COLLECTION",
      "fields": [
        { "fieldPath": "userId", "order": "ASCENDING" },
        { "fieldPath": "isCompleted", "order": "ASCENDING" }
      ]
    },
    {
      "collectionGroup": "calendar",
      "queryScope": "COLLECTION",
      "fields": [
        { "fieldPath": "userId", "order": "ASCENDING" },
        { "fieldPath": "date", "order": "ASCENDING" }
      ]
    }
  ],
  "fieldOverrides": []
}
